{"frameRate":24,"name":"Character","version":"5.5","compatibleVersion":"5.5","armature":[{"type":"Armature","frameRate":24,"name":"Character","aabb":{"x":-504.67,"y":-983.32,"width":1127.89,"height":1962.5},"bone":[{"name":"root"},{"length":591,"name":"body","parent":"root","transform":{"x":7,"y":356.85,"skX":-91.6954,"skY":-91.6954}},{"name":"left_leg_ik","parent":"root","transform":{"x":-174.7475,"y":1066.778}},{"name":"right_leg_ik","parent":"root","transform":{"x":148.7325,"y":1135.2029}},{"name":"right_arm_ik","parent":"root","transform":{"x":281.7172,"y":498.5859}},{"name":"left_arm_ik","parent":"root","transform":{"x":-267.723,"y":306.1904}},{"length":111,"name":"left_hip","parent":"body","transform":{"x":22.0263,"y":-34.3634,"skX":-88.3046,"skY":-88.3046}},{"length":147,"name":"neck","parent":"body","transform":{"x":615.7411,"y":7.7203,"skX":-2.3916,"skY":-2.3916}},{"length":111,"name":"right_shoulder","parent":"body","transform":{"x":597.1112,"y":45.6357,"skX":91.6954,"skY":91.6954}},{"length":91,"name":"right_hip","parent":"body","transform":{"x":23.2482,"y":42.6565,"skX":93.8992,"skY":93.8992}},{"length":130,"name":"left_shoulder","parent":"body","transform":{"x":596.3036,"y":-45.378,"skX":-80.6027,"skY":-80.6027}},{"length":209,"name":"head","parent":"neck","transform":{"x":224.079,"y":5.4843,"skX":94.087,"skY":94.087}},{"length":792,"name":"right_leg","parent":"right_hip","transform":{"x":91.0173,"skX":35.6259,"skY":35.6259}},{"length":710,"name":"left_leg","parent":"left_hip","transform":{"x":111.95,"skX":-46.797,"skY":-46.797}},{"length":549,"name":"left_arm","parent":"left_shoulder","transform":{"x":130.578,"skX":17.5592,"skY":17.5592}},{"length":757,"name":"right_arm","parent":"right_shoulder","transform":{"x":157.45,"y":-21,"skX":-25.7377,"skY":-25.7377}},{"length":93,"name":"hand_slot","parent":"right_arm","transform":{"x":762.728,"y":-4.4949,"skX":-6.2978,"skY":-6.2978}},{"length":94,"name":"left_handslot","parent":"left_arm","transform":{"x":550.9279,"y":-1.373,"skX":4.3095,"skY":4.3095}}],"slot":[{"name":"body","parent":"body"},{"name":"head","parent":"head"},{"name":"left_arm","parent":"left_arm"},{"name":"left_leg","parent":"left_leg"},{"name":"right_arm","parent":"right_arm"},{"name":"right_leg","parent":"right_leg"},{"displayIndex":2,"name":"GunSlot","parent":"hand_slot"},{"displayIndex":-1,"name":"left_handslot","parent":"left_handslot","actions":[{"gotoAndPlay":"Run"}]},{"displayIndex":-1,"name":"Armature","parent":"root"}],"ik":[{"bendPositive":false,"chain":1,"name":"left_leg_ik","bone":"left_leg","target":"left_leg_ik"},{"chain":1,"name":"right_arm_ik","bone":"right_arm","target":"right_arm_ik"},{"chain":1,"name":"right_leg_ik","bone":"right_leg","target":"right_leg_ik"},{"bendPositive":false,"chain":1,"name":"left_arm_ik","bone":"left_arm","target":"left_arm_ik"}],"skin":[{"slot":[{"name":"right_leg","display":[{"name":"right_leg","transform":{"x":374.38,"y":17.05,"skX":-37.83,"skY":-37.83}}]},{"name":"right_arm","display":[{"name":"right_arm","transform":{"x":351.18,"y":-7.43,"skX":25.74,"skY":25.74}}]},{"name":"left_leg","display":[{"name":"left_leg","transform":{"x":349.68,"y":-23.74,"skX":-133.2,"skY":-133.2}}]},{"name":"left_arm","display":[{"name":"left_arm","transform":{"x":276.14,"y":-0.73,"skX":154.74,"skY":154.74}}]},{"name":"left_handslot","display":[{"type":"armature","name":"Handgun","transform":{"scY":-1}},{"name":"body"}]},{"name":"head","display":[{"name":"head","transform":{"x":-43.76,"y":-229.07},"path":"heady"}]},{"name":"body","display":[{"name":"body","transform":{"x":367.85,"y":-11.62,"skX":91.7,"skY":91.7}}]},{"name":"GunSlot","display":[{"type":"armature","name":"Handgun","transform":{"skX":18.64,"skY":18.64}},{"type":"armature","name":"Armature","transform":{"skX":0.04,"skY":0.04}},{"type":"armature","name":"Armature1"}]}]}],"animation":[{"duration":36,"playTimes":0,"name":"Idle","bone":[{"name":"body","translateFrame":[{"duration":18,"tweenEasing":0},{"duration":18,"tweenEasing":0,"y":91.67},{"duration":0,"y":-4.17}],"rotateFrame":[{"duration":36,"rotate":0.04}]},{"name":"right_shoulder","rotateFrame":[{"duration":36,"rotate":3.3}]},{"name":"right_arm","rotateFrame":[{"duration":36,"rotate":105.73}]},{"name":"left_shoulder","rotateFrame":[{"duration":36,"rotate":-8.17}]},{"name":"left_arm","rotateFrame":[{"duration":36,"rotate":-98.59}]},{"name":"left_hip","rotateFrame":[{"duration":36,"rotate":-11.28}]},{"name":"left_leg","rotateFrame":[{"duration":36,"rotate":-28.94}]},{"name":"right_hip","rotateFrame":[{"duration":36,"rotate":4.68}]},{"name":"right_leg","rotateFrame":[{"duration":36,"rotate":46.81}]}]},{"duration":12,"name":"lower_right_arm","bone":[{"name":"right_arm_ik","translateFrame":[{"duration":12,"tweenEasing":0,"x":714.17,"y":-742.29},{"duration":0,"y":8.33}]}]},{"duration":12,"name":"raise_right_arm","bone":[{"name":"right_arm_ik","translateFrame":[{"duration":12,"tweenEasing":0,"y":8.33},{"duration":0,"x":714.17,"y":-742.29}]}]}],"defaultActions":[{"gotoAndPlay":"Idle"}]},{"type":"Armature","frameRate":24,"name":"Handgun","aabb":{"x":-22.36,"y":-475.01,"width":651.82,"height":555.47},"bone":[{"name":"root"},{"length":333,"name":"gun","parent":"root","transform":{"x":11.05,"y":-44.1,"skX":-22.8944,"skY":-22.8944}},{"length":25,"name":"bone","parent":"gun","transform":{"x":346.4299,"y":-1.3861,"skX":3.5523,"skY":3.5523}}],"slot":[{"name":"gun","parent":"gun"},{"name":"bang","parent":"bone"}],"skin":[{"slot":[{"name":"gun","display":[{"name":"gun","transform":{"x":139.4,"y":41.56,"skX":22.89,"skY":22.89}}]},{"name":"bang","display":[{"name":"bang","transform":{"x":158.45,"y":-44.39,"skX":19.34,"skY":19.34}}]}]}],"animation":[{"duration":0,"playTimes":0,"name":"Init","slot":[{"name":"bang","displayFrame":[{"duration":0,"value":-1}]}]},{"duration":2,"playTimes":0,"name":"Fire","frame":[{"duration":2},{"duration":0,"action":"Init"}],"bone":[{"name":"bone","rotateFrame":[{},{"rotate":0.13}],"scaleFrame":[{"duration":2,"tweenEasing":0,"x":0.1,"y":0.1},{"duration":0,"y":0.5}]}]}],"defaultActions":[{"gotoAndPlay":"Init"}]},{"type":"Armature","frameRate":24,"name":"Armature","aabb":{"x":-107.52,"y":-321.6,"width":222,"height":565.76},"bone":[{"name":"root"},{"length":155,"name":"torso","parent":"root","transform":{"x":16.8,"y":70.215,"skX":-91.0309,"skY":-91.0309}},{"name":"bone_ikTarget","parent":"root","transform":{"x":-26.2553,"y":239.9317}},{"name":"bone_ikTarget4","parent":"root","transform":{"x":-59.52,"y":69.5494}},{"name":"bone_ikTarget1","parent":"root","transform":{"x":59.0677,"y":243.5697}},{"name":"bone_ikTarget3","parent":"root","transform":{"x":76.0937,"y":-122.0457}},{"name":"bone_ikTarget2","parent":"root","transform":{"x":112.215,"y":50.0789}},{"length":64,"name":"head","parent":"torso","transform":{"x":192.9533,"y":-1.2286,"skX":90.229,"skY":90.229}},{"length":82,"name":"shoulder_back","parent":"torso","transform":{"x":156.6707,"y":44.726,"skX":-179.6328,"skY":-179.6328}},{"length":78,"name":"thigh","parent":"torso","transform":{"x":7.0249,"y":-45.0797,"skX":-179.6276,"skY":-179.6276}},{"length":74,"name":"thigh_back","parent":"torso","transform":{"x":10.8104,"y":29.6715,"skX":-178.2779,"skY":-178.2779}},{"length":81,"name":"shoulder","parent":"torso","transform":{"x":150.2498,"y":-62.5568,"skX":179.0536,"skY":179.0536}},{"length":75,"name":"forearm","parent":"shoulder","transform":{"x":81.1483,"skX":0.5728,"skY":0.5728}},{"length":102,"name":"calf","parent":"thigh","transform":{"x":73.17,"y":-2.5624,"skX":-0.9142,"skY":-0.9142}},{"length":72,"name":"forearm_back","parent":"shoulder_back","transform":{"x":82.0055,"skX":-0.0854,"skY":-0.0854}},{"length":66,"name":"head1","parent":"head","transform":{"x":-12.48,"y":-163.4486,"skX":-0.5723,"skY":-0.5723}},{"length":104,"name":"calf_back","parent":"thigh_back","transform":{"x":74.5946,"y":-0.8999,"skX":-1.526,"skY":-1.526}}],"slot":[{"name":"shoulder_back","parent":"shoulder_back"},{"name":"forearm_back","parent":"forearm_back"},{"name":"thigh_back","parent":"thigh_back"},{"name":"calf_back","parent":"calf_back"},{"name":"torso","parent":"torso"},{"name":"thigh","parent":"thigh"},{"name":"calf","parent":"calf"},{"name":"head","parent":"head"},{"name":"shoulder","parent":"shoulder"},{"name":"forearm","parent":"forearm"},{"displayIndex":2,"name":"hat","parent":"head1"}],"ik":[{"chain":1,"name":"bone_ik4","bone":"head","target":"bone_ikTarget3"},{"bendPositive":false,"chain":1,"name":"bone_ik3","bone":"forearm_back","target":"bone_ikTarget2"},{"chain":1,"name":"bone_ik1","bone":"calf","target":"bone_ikTarget"},{"chain":1,"name":"bone_ik2","bone":"calf_back","target":"bone_ikTarget1"},{"bendPositive":false,"chain":1,"name":"bone_ik","bone":"forearm","target":"bone_ikTarget4"}],"skin":[{"slot":[{"name":"head","display":[{"name":"head","transform":{"x":-9.48,"y":-86.32,"skX":0.8,"skY":0.8}}]},{"name":"thigh_back","display":[{"name":"thigh_back","transform":{"x":40.47,"y":11.3,"skX":-90.69,"skY":-90.69,"scX":0.9434,"scY":0.9434},"path":"thigh"}]},{"name":"calf","display":[{"name":"calf","transform":{"x":44.34,"y":0.91,"skX":-89.29,"skY":-89.29}}]},{"name":"forearm","display":[{"name":"forearm","transform":{"x":37.26,"y":1.4,"skX":-88.7,"skY":-88.7}}]},{"name":"thigh","display":[{"name":"thigh","transform":{"x":45.14,"y":-3.38,"skX":-89.34,"skY":-89.34}}]},{"name":"shoulder","display":[{"name":"shoulder","transform":{"x":33.36,"y":-0.23,"skX":-89.1,"skY":-89.1}}]},{"name":"torso","display":[{"name":"torso","transform":{"x":79.71,"y":-0.92,"skX":91.03,"skY":91.03}}]},{"name":"calf_back","display":[{"name":"calf_back","transform":{"x":49.29,"y":10.07,"skX":-89.17,"skY":-89.17,"scX":0.9434,"scY":0.9434},"path":"calf"}]},{"name":"hat","display":[{"name":"hat","transform":{"x":3.75,"y":-34.38},"path":"otherhat"},{"name":"mask","transform":{"x":2.5,"y":76.94}},{"type":"armature","name":"Hats"}]},{"name":"forearm_back","display":[{"name":"forearm","transform":{"x":30.28,"y":2.44,"skX":-88.77,"skY":-88.77,"scX":0.889,"scY":0.889}}]},{"name":"shoulder_back","display":[{"name":"shoulder","transform":{"x":36.78,"y":1.52,"skX":-89.34,"skY":-89.34,"scX":0.889,"scY":0.889}}]}]}],"animation":[{"duration":48,"playTimes":0,"name":"Idle","bone":[{"name":"torso","translateFrame":[{"duration":24,"tweenEasing":0},{"duration":24,"tweenEasing":0,"x":-6.72,"y":7.98},{"duration":0}]},{"name":"bone_ikTarget4","translateFrame":[{"duration":24,"tweenEasing":0},{"duration":24,"tweenEasing":0,"x":45.03,"y":-12.52},{"duration":0}]},{"name":"bone_ikTarget1","translateFrame":[{"duration":48,"x":-13.61,"y":-5.21}]},{"name":"bone_ikTarget2","translateFrame":[{"duration":24,"tweenEasing":0},{"duration":24,"tweenEasing":0,"x":-15.29,"y":-4.54},{"duration":0}]},{"name":"bone_ikTarget3","translateFrame":[{"duration":24,"tweenEasing":0},{"duration":24,"tweenEasing":0,"x":6.3,"y":-3.19},{"duration":0}]}],"ik":[{"name":"bone_ik","frame":[{"duration":48,"tweenEasing":0,"bendPositive":false},{"duration":0,"bendPositive":false}]},{"name":"bone_ik2","frame":[{"duration":48,"tweenEasing":0},{"duration":0}]},{"name":"bone_ik3","frame":[{"duration":48,"tweenEasing":0,"bendPositive":false},{"duration":0,"bendPositive":false}]},{"name":"bone_ik4","frame":[{"duration":48,"tweenEasing":0},{"duration":0}]},{"name":"bone_ik1","frame":[{"duration":48,"tweenEasing":0},{"duration":0}]}]},{"duration":14,"playTimes":0,"name":"Run","bone":[{"name":"root","translateFrame":[{"duration":4,"tweenEasing":0,"x":-16.8,"y":21.84},{"duration":6,"tweenEasing":0,"x":-95.68,"y":28.56},{"duration":2,"tweenEasing":0,"x":-130.97,"y":20.16},{"duration":2,"tweenEasing":0,"x":-132.69,"y":34.44},{"duration":0,"x":-16.8,"y":21.84}]},{"name":"torso","translateFrame":[{"duration":4,"tweenEasing":0,"x":20.16,"y":3.36},{"duration":4,"tweenEasing":0,"x":62.16,"y":8.4},{"duration":2,"tweenEasing":0,"x":80.65,"y":11.76},{"duration":2,"tweenEasing":0,"x":100.81,"y":10.08},{"duration":2,"tweenEasing":0,"x":110.89,"y":31.92},{"duration":0,"x":21.84,"y":16.3}]},{"name":"bone_ikTarget","translateFrame":[{"duration":2,"tweenEasing":0,"x":-3.36,"y":-1.68},{"duration":2,"tweenEasing":0,"x":-70.57,"y":-50.4},{"duration":2,"tweenEasing":0,"x":-76.45,"y":-106.69},{"duration":2,"tweenEasing":0,"x":-25.54,"y":-86.11},{"duration":2,"tweenEasing":0,"x":120.72,"y":-79.64},{"duration":2,"tweenEasing":0,"x":215.56,"y":-63.93},{"duration":2,"tweenEasing":0,"x":242.53,"y":-42.76},{"duration":0,"x":-3.36,"y":-1.68}]},{"name":"bone_ikTarget4","translateFrame":[{"duration":2,"tweenEasing":0,"x":76.78,"y":-43.85},{"duration":2,"tweenEasing":0,"x":148.61,"y":-127.94},{"duration":2,"tweenEasing":0,"x":243.95,"y":-110.47},{"duration":2,"tweenEasing":0,"x":196.49,"y":-72.33},{"duration":2,"tweenEasing":0,"x":116.6,"y":-33.43},{"duration":2,"tweenEasing":0,"x":104.84,"y":-55.28},{"duration":2,"tweenEasing":0,"x":83,"y":-88.88},{"duration":0,"x":76.78,"y":-43.85}]},{"name":"bone_ikTarget1","translateFrame":[{"duration":2,"tweenEasing":0,"x":-84.59,"y":-81.4},{"duration":2,"tweenEasing":0,"x":1.09,"y":-69.64},{"duration":2,"tweenEasing":0,"x":157.68,"y":-31},{"duration":2,"tweenEasing":0,"x":63.59,"y":8.15},{"duration":2,"tweenEasing":0,"x":-10.33,"y":-3.61},{"duration":2,"tweenEasing":0,"x":-68.13,"y":-47.21},{"duration":2,"tweenEasing":0,"x":-37.89,"y":-171.54},{"duration":0,"x":-84.59,"y":-81.4}]},{"name":"bone_ikTarget3","translateFrame":[{"duration":4,"tweenEasing":0,"x":20.83,"y":16.13},{"duration":4,"tweenEasing":0,"x":131.81,"y":14.11},{"duration":2,"tweenEasing":0,"x":111.98,"y":33.94},{"duration":2,"tweenEasing":0,"x":160.54,"y":17.47},{"duration":2,"tweenEasing":0,"x":171.46,"y":51.08},{"duration":0,"x":20.83,"y":16.13}]},{"name":"bone_ikTarget2","translateFrame":[{"duration":2,"tweenEasing":0,"x":10.08,"y":-31.92},{"duration":2,"tweenEasing":0,"x":-22.51,"y":-13.36},{"duration":2,"tweenEasing":0,"x":-55.02,"y":-23.94},{"duration":2,"tweenEasing":0,"x":50.57,"y":0.67},{"duration":2,"tweenEasing":0,"x":131.39,"y":-51.66},{"duration":2,"tweenEasing":0,"x":198.59,"y":-106.44},{"duration":2,"tweenEasing":0,"x":154.91,"y":-160.2},{"duration":0,"x":10.08,"y":-31.92}]}],"ik":[{"name":"bone_ik4","frame":[{"duration":14,"tweenEasing":0},{"duration":0}]}]},{"duration":5,"playTimes":0,"name":"Crouch","frame":[{"duration":5},{"duration":0,"events":[{"ints":[36],"floats":[2.5],"strings":["crouching derp"],"name":"@full_crouch","bone":"forearm"}]}],"bone":[{"name":"root","translateFrame":[{"duration":5,"tweenEasing":0},{"duration":0,"x":-90.73}]},{"name":"torso","translateFrame":[{"duration":5,"tweenEasing":0},{"duration":0,"x":7.48,"y":150.2}]},{"name":"bone_ikTarget","translateFrame":[{"duration":5,"tweenEasing":0},{"duration":0,"x":122.73,"y":5.88}]},{"name":"bone_ikTarget4","translateFrame":[{"duration":5,"tweenEasing":0},{"duration":0,"x":105.01,"y":-87.87}]},{"name":"bone_ikTarget1","translateFrame":[{"duration":5,"tweenEasing":0},{"duration":0,"x":122.65,"y":-16.8}]},{"name":"bone_ikTarget3","translateFrame":[{"duration":5,"tweenEasing":0},{"duration":0,"x":96.69,"y":168.26}]},{"name":"bone_ikTarget2","translateFrame":[{"duration":5,"tweenEasing":0},{"duration":0,"x":67.2,"y":-64.52}]}]},{"duration":4,"playTimes":0,"name":"Jump","bone":[{"name":"root","translateFrame":[{"duration":4,"tweenEasing":0},{"duration":0,"x":-33.81,"y":10.17}],"rotateFrame":[{"duration":4,"tweenEasing":0,"rotate":0.16},{"duration":0,"rotate":-7.99}]},{"name":"torso","translateFrame":[{"tweenEasing":0},{"tweenEasing":0,"x":3.56,"y":27.29},{"tweenEasing":0,"x":13.73,"y":39.15},{"tweenEasing":0,"x":23.9,"y":13.73},{"duration":0,"x":39.15,"y":-16.78}],"rotateFrame":[{"duration":4,"tweenEasing":0,"rotate":0.16},{"duration":0,"rotate":10.47}]},{"name":"bone_ikTarget","rotateFrame":[{"duration":4,"tweenEasing":0,"rotate":0.16},{"duration":0,"rotate":-7.99}]},{"name":"bone_ikTarget4","translateFrame":[{"tweenEasing":0},{"tweenEasing":0,"x":-8.39,"y":-13.56},{"tweenEasing":0,"x":57.54,"y":21.1},{"tweenEasing":0,"x":142.63,"y":-99.24},{"duration":0,"x":112.12,"y":-322.97}],"rotateFrame":[{"duration":4,"tweenEasing":0,"rotate":0.16},{"duration":0,"rotate":-7.99}]},{"name":"bone_ikTarget1","rotateFrame":[{"duration":4,"tweenEasing":0,"rotate":0.16},{"duration":0,"rotate":-7.99}]},{"name":"bone_ikTarget3","translateFrame":[{"tweenEasing":0},{"tweenEasing":0,"x":27.12,"y":20.34},{"tweenEasing":0,"x":46.44,"y":39.58},{"tweenEasing":0,"x":61.69,"y":15.85},{"duration":0,"x":66.82,"y":-45.05}],"rotateFrame":[{"duration":4,"tweenEasing":0,"rotate":0.16},{"duration":0,"rotate":-7.99}]},{"name":"bone_ikTarget2","translateFrame":[{"tweenEasing":0},{"tweenEasing":0,"x":-54.24},{"tweenEasing":0,"x":10.17,"y":35.59},{"tweenEasing":0,"x":90.17,"y":-73.64},{"duration":0,"x":87.43,"y":-265.29}],"rotateFrame":[{"duration":4,"tweenEasing":0,"rotate":0.16},{"duration":0,"rotate":-7.99}]},{"name":"thigh_back","rotateFrame":[{"duration":4,"tweenEasing":0,"rotate":-3.8},{"duration":0,"rotate":-2.36}]},{"name":"head","rotateFrame":[{"duration":4,"tweenEasing":0,"rotate":1.53},{"duration":0,"rotate":-37.6}]},{"name":"shoulder","rotateFrame":[{"duration":4,"tweenEasing":0,"rotate":23.29},{"duration":0,"rotate":-163.22}]},{"name":"thigh","rotateFrame":[{"duration":4,"tweenEasing":0,"rotate":2.13},{"duration":0,"rotate":3.16}]},{"name":"shoulder_back","rotateFrame":[{"duration":4,"tweenEasing":0,"rotate":-4.69},{"duration":0,"rotate":-137.35}]},{"name":"calf","rotateFrame":[{"duration":4,"tweenEasing":0,"rotate":-0.93},{"duration":0,"rotate":-1.09}]},{"name":"calf_back","rotateFrame":[{"duration":4,"tweenEasing":0,"rotate":0.99},{"duration":0,"rotate":0.83}]},{"name":"forearm","rotateFrame":[{"duration":4,"tweenEasing":0,"rotate":-35.63},{"duration":0,"rotate":-26.54}]},{"name":"forearm_back","rotateFrame":[{"duration":4,"tweenEasing":0,"rotate":-33.58},{"duration":0,"rotate":-45.29}]}],"ik":[{"name":"bone_ik4","frame":[{"duration":4,"tweenEasing":0},{"duration":0}]},{"name":"bone_ik2","frame":[{"duration":4,"tweenEasing":0},{"duration":0}]},{"name":"bone_ik","frame":[{"duration":4,"tweenEasing":0,"bendPositive":false},{"duration":0,"bendPositive":false}]},{"name":"bone_ik1","frame":[{"duration":4,"tweenEasing":0},{"duration":0}]},{"name":"bone_ik3","frame":[{"duration":4,"tweenEasing":0,"bendPositive":false},{"duration":0,"bendPositive":false}]}]},{"duration":10,"playTimes":0,"name":"Fall","bone":[{"name":"root","translateFrame":[{"duration":4,"tweenEasing":0,"x":-33.81,"y":10.17},{"duration":6,"x":-33.81,"y":16.95}],"rotateFrame":[{"duration":4,"tweenEasing":0,"rotate":-7.99},{"duration":6,"rotate":-13.44}]},{"name":"torso","translateFrame":[{"duration":10,"x":39.15,"y":-16.78}],"rotateFrame":[{"duration":4,"tweenEasing":0,"rotate":10.47},{"duration":6,"rotate":5.5}]},{"name":"bone_ikTarget","translateFrame":[{"duration":4,"tweenEasing":0},{"duration":4,"tweenEasing":0,"x":-39.93,"y":-56.95},{"duration":2,"x":7.4,"y":-21.64}],"rotateFrame":[{"duration":4,"tweenEasing":0,"rotate":-7.99},{"duration":6,"rotate":-13.44}]},{"name":"bone_ikTarget4","translateFrame":[{"duration":4,"tweenEasing":0,"x":112.12,"y":-322.97},{"duration":4,"tweenEasing":0,"x":12.24,"y":-306.44},{"duration":2,"x":68.28,"y":-327.67}],"rotateFrame":[{"duration":4,"tweenEasing":0,"rotate":-7.99},{"duration":6,"rotate":-17.3}]},{"name":"bone_ikTarget1","translateFrame":[{"duration":4,"tweenEasing":0},{"duration":4,"tweenEasing":0,"x":-19.17,"y":-35.98},{"duration":2,"x":26.73,"y":-15.42}],"rotateFrame":[{"duration":4,"tweenEasing":0,"rotate":-7.99},{"duration":6,"rotate":-13.44}]},{"name":"bone_ikTarget3","translateFrame":[{"duration":6,"tweenEasing":0,"x":66.82,"y":-45.05},{"duration":4,"tweenEasing":0,"x":75.77,"y":-11.27},{"duration":0,"x":62.51,"y":-24.09}],"rotateFrame":[{"duration":6,"tweenEasing":0,"rotate":-7.99},{"duration":4,"rotate":-13.44}]},{"name":"bone_ikTarget2","translateFrame":[{"duration":4,"tweenEasing":0,"x":87.43,"y":-265.29},{"duration":4,"tweenEasing":0,"x":69.67,"y":-272.92},{"duration":2,"x":56.19,"y":-287.82}],"rotateFrame":[{"duration":4,"tweenEasing":0,"rotate":-7.99},{"duration":6,"rotate":-14.86}]},{"name":"thigh_back","rotateFrame":[{"duration":4,"tweenEasing":0,"rotate":-2.36},{"duration":6,"rotate":-25.17}]},{"name":"head","rotateFrame":[{"duration":4,"tweenEasing":0,"rotate":-37.6},{"duration":6,"rotate":-12.42}]},{"name":"shoulder","rotateFrame":[{"duration":4,"tweenEasing":0,"rotate":-163.22},{"duration":6,"rotate":156.45}]},{"name":"thigh","rotateFrame":[{"duration":4,"tweenEasing":0,"rotate":3.16},{"duration":6,"rotate":-9.06}]},{"name":"shoulder_back","rotateFrame":[{"duration":4,"tweenEasing":0,"rotate":-137.35},{"duration":6,"rotate":-150.46}]},{"name":"calf","rotateFrame":[{"duration":4,"tweenEasing":0,"rotate":-1.09},{"duration":6,"rotate":34.49}]},{"name":"calf_back","rotateFrame":[{"duration":4,"tweenEasing":0,"rotate":0.83},{"duration":6,"rotate":38.42}]},{"name":"forearm","rotateFrame":[{"duration":4,"tweenEasing":0,"rotate":-26.54},{"duration":6,"rotate":-43.58}]},{"name":"forearm_back","rotateFrame":[{"duration":4,"tweenEasing":0,"rotate":-45.29},{"duration":6,"rotate":-53.28}]}]},{"duration":12,"playTimes":0,"name":"Walk","bone":[{"name":"root","translateFrame":[{"duration":8,"tweenEasing":0},{"duration":2,"tweenEasing":0,"x":-26.29,"y":0.51},{"duration":2,"tweenEasing":0,"x":-42.54,"y":-3.05},{"duration":0}],"rotateFrame":[{"duration":12,"tweenEasing":0,"rotate":0.08},{"duration":0}]},{"name":"torso","translateFrame":[{"duration":2,"tweenEasing":0},{"duration":2,"tweenEasing":0,"x":1.38,"y":-11.07},{"duration":2,"tweenEasing":0,"x":5.54,"y":5.54},{"duration":4,"tweenEasing":0,"x":1.38,"y":1.38},{"duration":2,"tweenEasing":0,"x":45.13,"y":18.76},{"duration":0}],"rotateFrame":[{"duration":12,"tweenEasing":0,"rotate":0.07},{"duration":0}]},{"name":"bone_ikTarget","translateFrame":[{"duration":2,"tweenEasing":0,"x":-22.14},{"duration":2,"tweenEasing":0,"x":-49.82,"y":-8.3},{"duration":2,"tweenEasing":0,"x":-67.81,"y":-13.84},{"duration":2,"tweenEasing":0,"x":-19.03,"y":-17.51},{"duration":2,"tweenEasing":0,"x":69.86,"y":-60.42},{"duration":2,"tweenEasing":0,"x":122.86,"y":-9.92},{"duration":0,"x":-22.14}],"rotateFrame":[{"duration":12,"tweenEasing":0,"rotate":0.08},{"duration":0}]},{"name":"bone_ikTarget4","translateFrame":[{"duration":2,"tweenEasing":0,"x":39.23,"y":1.52},{"duration":2,"tweenEasing":0,"x":74.52,"y":-30.65},{"duration":2,"tweenEasing":0,"x":118.81,"y":-77.71},{"duration":2,"tweenEasing":0,"x":72.73,"y":-30.79},{"duration":2,"tweenEasing":0,"x":15.56,"y":4.67},{"duration":2,"tweenEasing":0,"x":29.31,"y":-2.02},{"duration":0,"x":39.23,"y":1.52}],"rotateFrame":[{"duration":12,"tweenEasing":0,"rotate":0.08},{"duration":0}]},{"name":"bone_ikTarget1","translateFrame":[{"duration":2,"tweenEasing":0,"x":-107.12,"y":-80.96},{"duration":2,"tweenEasing":0,"x":7.75,"y":-39.44},{"duration":2,"tweenEasing":0,"x":84.21,"y":-13.77},{"duration":2,"tweenEasing":0,"x":21.24,"y":-15.85},{"duration":2,"tweenEasing":0,"x":-110.52,"y":-16.99},{"duration":2,"tweenEasing":0,"x":-73.89,"y":-34.18},{"duration":0,"x":-107.12,"y":-80.96}],"rotateFrame":[{"duration":6,"tweenEasing":0,"rotate":0.08},{"duration":6}]},{"name":"bone_ikTarget3","translateFrame":[{"duration":2,"tweenEasing":0},{"duration":4,"tweenEasing":0,"y":-11.07},{"duration":4,"tweenEasing":0,"x":15.22,"y":4.15},{"duration":2,"tweenEasing":0,"x":48.91,"y":21.03},{"duration":0}],"rotateFrame":[{"duration":12,"tweenEasing":0,"rotate":0.08},{"duration":0}]},{"name":"bone_ikTarget2","translateFrame":[{"duration":2,"tweenEasing":0,"x":-9.69,"y":-1.38},{"duration":2,"tweenEasing":0,"x":-44.29,"y":-9.69},{"duration":2,"tweenEasing":0,"x":-67.81,"y":-9.69},{"duration":2,"tweenEasing":0,"x":-27.82,"y":-1.8},{"duration":2,"tweenEasing":0,"x":25.12,"y":14.08},{"duration":2,"tweenEasing":0,"x":79.62,"y":-16.61},{"duration":0,"x":-9.69,"y":-1.38}],"rotateFrame":[{"duration":12,"tweenEasing":0,"rotate":0.08},{"duration":0}]},{"name":"thigh_back","rotateFrame":[{"duration":12,"tweenEasing":0,"rotate":-4.12},{"duration":0,"rotate":-4.19}]},{"name":"head","rotateFrame":[{"duration":12,"tweenEasing":0,"rotate":1.45},{"duration":0,"rotate":1.38}]},{"name":"shoulder","rotateFrame":[{"duration":12,"tweenEasing":0,"rotate":3.21},{"duration":0,"rotate":3.13}]},{"name":"thigh","rotateFrame":[{"duration":12,"tweenEasing":0,"rotate":9.23},{"duration":0,"rotate":9.15}]},{"name":"shoulder_back","rotateFrame":[{"duration":12,"tweenEasing":0,"rotate":3.38},{"duration":0,"rotate":3.31}]},{"name":"forearm","rotateFrame":[{"duration":12,"tweenEasing":0,"rotate":-25.07},{"duration":0,"rotate":-25.14}]},{"name":"calf_back","rotateFrame":[{"duration":12,"tweenEasing":0,"rotate":78.72},{"duration":0,"rotate":78.64}]},{"name":"calf","rotateFrame":[{"duration":12,"tweenEasing":0,"rotate":-1.02},{"duration":0,"rotate":-1.09}]},{"name":"forearm_back","rotateFrame":[{"duration":12,"tweenEasing":0,"rotate":-43.88},{"duration":0,"rotate":-43.95}]}],"ik":[{"name":"bone_ik1","frame":[{"duration":12,"tweenEasing":0},{"duration":0}]}]},{"duration":3,"playTimes":0,"name":"SwimIdle","bone":[{"name":"root","translateFrame":[{"duration":3,"y":3.75}],"rotateFrame":[{"duration":3,"rotate":19.53}]},{"name":"torso","translateFrame":[{"duration":3,"x":-51,"y":0.44}],"rotateFrame":[{"duration":3,"tweenEasing":0,"rotate":46.22},{"duration":0,"rotate":26.51}]},{"name":"bone_ikTarget","translateFrame":[{"duration":3,"x":-158.75,"y":-91.25}],"rotateFrame":[{"duration":3,"rotate":19.53}]},{"name":"bone_ikTarget4","translateFrame":[{"duration":3,"x":147.13,"y":-107.63}],"rotateFrame":[{"duration":3,"rotate":19.53}]},{"name":"bone_ikTarget1","translateFrame":[{"duration":3,"x":-185,"y":-108.75}],"rotateFrame":[{"duration":3,"rotate":19.53}]},{"name":"bone_ikTarget3","translateFrame":[{"duration":3,"x":35.5,"y":14.5}],"rotateFrame":[{"duration":3,"rotate":19.53}]},{"name":"bone_ikTarget2","translateFrame":[{"duration":3,"x":28.91,"y":-86.9}],"rotateFrame":[{"duration":3,"rotate":19.53}]},{"name":"thigh_back","rotateFrame":[{"duration":3,"tweenEasing":0,"rotate":8.54},{"duration":0,"rotate":-11.17}]},{"name":"head","rotateFrame":[{"duration":3,"tweenEasing":0,"rotate":-9.11},{"duration":0,"rotate":-28.82}]},{"name":"shoulder","rotateFrame":[{"duration":3,"tweenEasing":0,"rotate":-34.75},{"duration":0,"rotate":-54.46}]},{"name":"thigh","rotateFrame":[{"duration":3,"tweenEasing":0,"rotate":8.83},{"duration":0,"rotate":-10.89}]},{"name":"shoulder_back","rotateFrame":[{"duration":3,"tweenEasing":0,"rotate":-27.71},{"duration":0,"rotate":-47.43}]},{"name":"forearm","rotateFrame":[{"duration":3,"tweenEasing":0,"rotate":-53.64},{"duration":0,"rotate":-73.36}]},{"name":"calf_back","rotateFrame":[{"duration":3,"tweenEasing":0,"rotate":101.16},{"duration":0,"rotate":81.45}]},{"name":"calf","rotateFrame":[{"duration":3,"tweenEasing":0,"rotate":77.14},{"duration":0,"rotate":57.42}]},{"name":"forearm_back","rotateFrame":[{"duration":3,"tweenEasing":0,"rotate":-107.33},{"duration":0,"rotate":-127.04}]}],"ik":[{"name":"bone_ik3","frame":[{"duration":3,"bendPositive":false}]}]},{"duration":4,"playTimes":0,"name":"SwimPaddle","frame":[{"duration":4},{"duration":0,"events":[{"ints":[2],"floats":[3.29137],"strings":["I'm a little teapot"],"name":"paddledone"},{"name":"paddledone"}]}],"bone":[{"name":"root","rotateFrame":[{"duration":4,"tweenEasing":0,"rotate":9.81},{"duration":0,"rotate":23.82}]},{"name":"torso","translateFrame":[{"duration":4,"x":-51,"y":0.44}],"rotateFrame":[{"duration":4,"tweenEasing":0,"rotate":40.48},{"duration":0,"rotate":36.12}]},{"name":"bone_ikTarget","translateFrame":[{"duration":4,"tweenEasing":0,"x":-86.09,"y":-65.29},{"duration":0,"x":-158.75,"y":-91.25}],"rotateFrame":[{"duration":4,"tweenEasing":0,"rotate":9.81},{"duration":0,"rotate":23.82}]},{"name":"bone_ikTarget4","translateFrame":[{"duration":4,"tweenEasing":0,"x":-37.51,"y":-61.04},{"duration":0,"x":147.13,"y":-107.63}],"rotateFrame":[{"duration":4,"tweenEasing":0,"rotate":9.81},{"duration":0,"rotate":23.82}]},{"name":"bone_ikTarget1","translateFrame":[{"duration":4,"tweenEasing":0,"x":-251.27,"y":-156.96},{"duration":0,"x":-185,"y":-108.75}],"rotateFrame":[{"duration":4,"tweenEasing":0,"rotate":9.81},{"duration":0,"rotate":23.82}]},{"name":"bone_ikTarget3","translateFrame":[{"duration":4,"tweenEasing":0,"x":75.19,"y":47.69},{"duration":0,"x":35.5,"y":14.5}],"rotateFrame":[{"duration":4,"tweenEasing":0,"rotate":13.76},{"duration":0,"rotate":23.82}]},{"name":"bone_ikTarget2","translateFrame":[{"duration":4,"tweenEasing":0,"x":-116.34,"y":26.42},{"duration":0,"x":-3.63,"y":-75.75}],"rotateFrame":[{"duration":4,"tweenEasing":0,"rotate":9.81},{"duration":0,"rotate":23.82}]},{"name":"thigh_back","rotateFrame":[{"duration":4,"tweenEasing":0,"rotate":47.86},{"duration":0,"rotate":-1.56}]},{"name":"head","rotateFrame":[{"duration":4,"tweenEasing":0,"rotate":-35.41},{"duration":0,"rotate":-19.21}]},{"name":"shoulder","rotateFrame":[{"duration":4,"tweenEasing":0,"rotate":-32.32},{"duration":0,"rotate":-44.85}]},{"name":"thigh","rotateFrame":[{"duration":4,"tweenEasing":0,"rotate":-59.08},{"duration":0,"rotate":-1.28}]},{"name":"shoulder_back","rotateFrame":[{"duration":4,"tweenEasing":0,"rotate":-74.83},{"duration":0,"rotate":-8.55}]},{"name":"forearm","rotateFrame":[{"duration":4,"tweenEasing":0,"rotate":-60.23},{"duration":0,"rotate":-63.75}]},{"name":"calf_back","rotateFrame":[{"duration":4,"tweenEasing":0,"rotate":0.83},{"duration":0,"rotate":91.06}]},{"name":"calf","rotateFrame":[{"duration":4,"tweenEasing":0,"rotate":66.96},{"duration":0,"rotate":67.03}]},{"name":"forearm_back","rotateFrame":[{"duration":4,"tweenEasing":0,"rotate":-58.5},{"duration":0,"rotate":-138.29}]}],"ik":[{"name":"bone_ik4","frame":[{"duration":4}]},{"name":"bone_ik2","frame":[{"duration":4}]},{"name":"bone_ik","frame":[{"duration":4,"bendPositive":false}]},{"name":"bone_ik1","frame":[{"duration":4}]},{"name":"bone_ik3","frame":[{"duration":4,"bendPositive":false}]}]}],"defaultActions":[{"gotoAndPlay":"Idle"}]},{"type":"Armature","frameRate":24,"name":"Hats","aabb":{"x":-164.5,"y":-74.5,"width":329,"height":149},"bone":[{"name":"root"}],"slot":[{"displayIndex":1,"name":"hat-ozz","parent":"root"}],"skin":[{"slot":[{"name":"hat-ozz","display":[{"name":"hat-ozz_1","path":"hat-ozz"},{"name":"hat"}]}]}],"animation":[{"duration":48,"playTimes":0,"name":"Beanie","frame":[{"duration":48},{"duration":0,"events":[{"name":"hatEvent"}]}],"bone":[{"name":"root","rotateFrame":[{"duration":24,"tweenEasing":0},{"duration":24,"tweenEasing":0,"rotate":180},{"duration":0}]}],"slot":[{"name":"hat-ozz","displayFrame":[{"duration":48}]}]},{"duration":0,"playTimes":0,"name":"Hat"}],"defaultActions":[{"gotoAndPlay":"Hat"}]},{"type":"Armature","frameRate":24,"name":"Armature1","aabb":{"x":-321.95,"y":-324,"width":648,"height":648},"bone":[{"name":"root"},{"length":319,"name":"new","parent":"root","transform":{"x":2.05,"skX":-90,"skY":-90}}],"slot":[{"displayIndex":-1,"name":"new","parent":"new"},{"displayIndex":-1,"name":"used","parent":"new"},{"name":"edit_selected","parent":"new"}],"skin":[{"slot":[{"name":"edit_selected","display":[{"name":"edit_selected","transform":{"skX":90,"skY":90}}]},{"name":"used","display":[{"name":"used","transform":{"skX":90,"skY":90}}]},{"name":"new","display":[{"name":"new","transform":{"x":3,"y":-2.05,"skX":90,"skY":90}}]}]}],"animation":[{"duration":0,"playTimes":0,"name":"Init","slot":[{"name":"new","displayFrame":[{"duration":0}]},{"name":"edit_selected","displayFrame":[{"duration":0,"value":-1}]}]},{"duration":8,"playTimes":0,"name":"Hit","bone":[{"name":"root","translateFrame":[{"duration":2,"curve":[0,0,0.20929024390243903,-0.03262265861027186,0.42007624390243903,0.17816334138972814,0.6994902439024391,0.45757734138972816,0.7170731707317073,0.9909365558912386],"y":-4.29},{"duration":6,"curve":[0,0,0.20929024390243903,-0.03262265861027186,0.42007624390243903,0.17816334138972814,0.6994902439024391,0.45757734138972816,0.7170731707317073,0.9909365558912386],"y":-324.43},{"duration":0,"y":-4.77}],"scaleFrame":[{"duration":2,"tweenEasing":0},{"duration":6,"tweenEasing":0,"x":1.11,"y":1.11},{"duration":0,"x":0.97,"y":0.97}]},{"name":"new","translateFrame":[{"duration":8,"x":-2.05}],"scaleFrame":[{"duration":2,"tweenEasing":0},{"duration":6,"tweenEasing":0,"x":1.11,"y":1.11},{"duration":0}]}],"slot":[{"name":"new","displayFrame":[{"duration":2,"value":-1},{"duration":6}]},{"name":"used","displayFrame":[{"duration":8}]},{"name":"edit_selected","displayFrame":[{"duration":8,"value":-1}]}]},{"duration":0,"playTimes":0,"name":"edit_default","slot":[{"name":"new","displayFrame":[{"duration":0}]},{"name":"edit_selected","displayFrame":[{"duration":0,"value":-1}]}]},{"duration":4,"playTimes":0,"name":"edit_select","bone":[{"name":"new","translateFrame":[{"duration":4,"x":-2.05}],"scaleFrame":[{"duration":4,"tweenEasing":0},{"duration":0,"x":1.25,"y":1.25}]}],"slot":[{"name":"new","displayFrame":[{"duration":4}]}]},{"duration":4,"playTimes":0,"name":"edit_deselect","bone":[{"name":"new","translateFrame":[{"duration":4,"x":-2.05}],"scaleFrame":[{"duration":4,"tweenEasing":0,"x":1.25,"y":1.25},{"duration":0}]}],"slot":[{"name":"new","displayFrame":[{"duration":4,"value":-1},{"duration":0}]}]}],"defaultActions":[{"gotoAndPlay":"Init"}]}]}