{"width":2048,"SubTexture":[{"width":78,"y":1,"height":785,"name":"body","x":1904},{"width":667,"y":1,"height":543,"name":"heady","x":651},{"width":556,"y":545,"height":275,"name":"left_arm","x":1346},{"width":558,"y":1,"height":542,"name":"left_leg","x":1320},{"width":763,"y":1170,"height":383,"name":"right_arm","x":643},{"frameWidth":731,"y":651,"frameHeight":517,"width":701,"frameX":-30,"height":517,"name":"right_leg","frameY":0,"x":643},{"width":356,"y":822,"height":281,"name":"gun","x":1346},{"width":330,"y":1555,"height":401,"name":"bang","x":643},{"width":49,"y":912,"height":121,"name":"shoulder","x":1928},{"width":49,"y":912,"height":120,"name":"forearm","x":1979},{"width":64,"y":788,"height":122,"name":"thigh","x":1928},{"width":65,"y":1049,"height":122,"name":"calf","x":1927},{"width":137,"y":1304,"height":194,"name":"torso","x":1408},{"width":222,"y":822,"height":225,"name":"head","x":1704},{"width":221,"y":1049,"height":225,"name":"mask","x":1704},{"width":1,"y":788,"height":1,"name":"otherhat","x":1904},{"width":193,"y":1105,"height":197,"name":"hat-ozz","x":1408},{"width":329,"y":1276,"height":149,"name":"hat","x":1704},{"width":640,"y":651,"height":640,"name":"new","x":1},{"width":640,"y":1293,"height":640,"name":"used","x":1},{"width":648,"y":1,"height":648,"name":"edit_selected","x":1}],"height":2048,"name":"Character","imagePath":"Character_tex.png"}