{"width":512,"imagePath":"Guy_Girl_Animation_tex.png","name":"Guy_Girl_Animation","SubTexture":[{"width":49,"y":1,"height":121,"name":"shoulder","x":448},{"width":49,"y":424,"height":120,"name":"forearm","x":329},{"width":64,"y":379,"height":122,"name":"thigh","x":263},{"width":65,"y":379,"height":122,"name":"calf","x":196},{"width":137,"y":228,"height":194,"name":"torso","x":332},{"width":222,"y":1,"height":225,"name":"head","x":1},{"width":221,"y":1,"height":225,"name":"mask","x":225},{"width":1,"y":379,"height":1,"name":"otherhat","x":329},{"width":193,"y":379,"height":197,"name":"hat-ozz","x":1},{"width":329,"y":228,"height":149,"name":"hat","x":1}],"height":1024}